Model,Deaths_MAE,Deaths_MSE,Deaths_R2,CFR_MAE,CFR_MSE,CFR_R2
Linear Regression,43.26388627879002,2625.765717960566,0.00493284189065446,1.0066611935542897,123.80430094107906,0.00341152806855749
Random Forest,13.02522187082913,284.4759771938819,0.8921942272913221,0.3382367152621916,26.523868484838815,0.7864906036213053
SVR,41.127714331211756,2504.950667182685,0.05071723476777534,0.729751591195729,124.62775744352507,-0.003217056328241874
Gradient Boosting,33.49079739874196,1697.8207873821182,0.35658932008926914,0.4422414494713162,0.4770503850575294,0.9961598836981839
Decision Tree,0.0,0.0,1.0,0.0,0.0,1.0
K-Nearest Neighbors,28.56804208898735,1348.9830829257605,0.48878578409230355,0.7341978040286067,100.11667513740053,0.1940899990419266
AdaBoost,39.7068894286482,2198.234851407326,0.16695107583864877,0.6755450378361287,0.8885799824145508,0.9928471906053988
