Model,Deaths_MAE,Deaths_MSE,Deaths_R2,CFR_MAE,CFR_MSE,CFR_R2
Linear Regression,43.26388627879002,2625.765717960566,0.00493284189065446,1.0066611935542897,123.80430094107906,0.00341152806855749
Random Forest,13.04435322347308,282.501982764113,0.8929422974690681,0.3469812735864096,20.000920639397403,0.8389984290874881
SVR,41.127714331211756,2504.950667182685,0.05071723476777534,0.729751591195729,124.62775744352507,-0.003217056328241874
Gradient Boosting,33.49079739874196,1697.8207873821182,0.35658932008926914,0.4422414494713162,0.4770503850575294,0.9961598836981839
